id	category	venue	year	title	authors	identifier	relpath	notes	extra_urls
20	direct	CRYPTO	2025	Stationary Syndrome Decoding for Improved PCGs	Vladimir Kolesnikov; Stanislav Peceny; Srinivasan Raghuraman; Peter Rindal	ePrint 2025/295	01_direct_pcg_pcf/20_CRYPTO_2025_Stationary_Syndrome_Decoding_for_Improved_PCGs.pdf	Stationary syndrome decoding PCGs.	
21	direct	CRYPTO	2025	Efficient Pseudorandom Correlation Generators over Z/p^kZ	Zhe Li; Chaoping Xing; Yizhou Yao; Chen Yuan	ePrint 2025/1223	01_direct_pcg_pcf/21_CRYPTO_2025_Efficient_PCGs_over_ZpkZ.pdf	PCGs over Galois rings, including Z_{2^k}.	
22	direct	ASIACRYPT	2025	Pseudorandom Correlation Functions from Ring-LWR	Sebastian Hasler; Pascal Reisert; Ralf Kusters	ePrint 2025/1637	01_direct_pcg_pcf/22_ASIACRYPT_2025_PCFs_from_Ring-LWR.pdf	Ring-LWR PCF route.	https://publ.sec.uni-stuttgart.de/haslerreisertkuesters-iacr-2025-1637.pdf
23	direct	ASIACRYPT	2025	Fast Pseudorandom Correlation Functions from Sparse LPN	Lennart Braun; Geoffroy Couteau; Kelsey Melissaris; Mahshid Riahinia; Elahe Sadeghi	ePrint 2025/1644	01_direct_pcg_pcf/23_ASIACRYPT_2025_Fast_PCFs_from_Sparse_LPN.pdf	Fast OT/VOLE PCFs from sparse LPN.	
24	direct	ASIACRYPT	2025	Pseudorandom Correlation Generators for Multiparty Beaver Triples over F2	Peihan Miao; Alice Murphy; Akshayaram Srinivasan; Max Tromanhauser	ePrint 2025/1182	01_direct_pcg_pcf/24_ASIACRYPT_2025_PCGs_for_Multiparty_Beaver_Triples_over_F2.pdf	Multiparty Beaver triples over F2.	
25	direct	CRYPTO	2026	Faster Pseudorandom Correlation Generators via Walsh-Hadamard Transform	Zhe Li; Hongqing Liu; Chaoping Xing; Yizhou Yao; Chen Yuan	ePrint 2026/196	01_direct_pcg_pcf/25_CRYPTO_2026_Faster_PCGs_via_Walsh-Hadamard_Transform.pdf	WHT-based OLE/vector-OLE PCGs over large prime fields.	
26	direct	CRYPTO	2026	Post-Quantum Public-Key Pseudorandom Correlation Functions for OT	Shweta Agrawal; Kaartik Bhushan; Geoffroy Couteau; Mahshid Riahinia	ePrint 2026/877	01_direct_pcg_pcf/26_CRYPTO_2026_Post-Quantum_Public-Key_PCFs_for_OT.pdf	Lattice-based post-quantum public-key PCF for string OT.	
27	direct	CRYPTO	2026	Dishonest-Majority Secure Computation via PIR-Authenticated Multiplication Triples	Elette Boyle; Niv Gilboa; Matan Hamilis; Yuval Ishai; Ariel Nof	ePrint 2026/257	01_direct_pcg_pcf/27_CRYPTO_2026_Dishonest-Majority_Secure_Computation_via_PIR-Authenticated_Multiplication_Triples.pdf	Public version of the work previously listed as Fast PCGs for Batch-Authenticated Multiplication Triples.	
28	direct	CRYPTO	2026	Succinct Two-Round Two-Party Signing from PCFs	Lennart Braun; Geoffroy Couteau; Kelsey Melissaris; Mahshid Riahinia; Elahe Sadeghi	No public full text located as of 2026-07-30	04_unavailable_fulltext/28_CRYPTO_2026_Succinct_Two-Round_Two-Party_Signing_from_PCFs_NOT_PUBLIC.txt	Accepted at CRYPTO 2026; author pages still did not expose a public manuscript on 2026-07-30.	https://geoffroycouteau.github.io/;;https://mahshidriahinia.github.io/
S1	security	ASIACRYPT	2018	On the Concrete Security of Goldreich's Pseudorandom Generator	Geoffroy Couteau; Aurelien Dupin; Pierrick Meaux; Melissa Rossi; Yann Rotella	ePrint 2018/1162	02_security_and_cryptanalysis/S1_ASIACRYPT_2018_Concrete_Security_of_Goldreich_PRG.pdf	Concrete-security basis for low-locality PRG instances.	
S2	security	CRYPTO	2021	Low-Complexity Weak Pseudorandom Functions in AC0[MOD2]	Elette Boyle; Geoffroy Couteau; Niv Gilboa; Yuval Ishai; Lisa Kohl; Peter Scholl	Author/CWI public version	02_security_and_cryptanalysis/S2_CRYPTO_2021_Low-Complexity_Weak_Pseudorandom_Functions_in_AC0_MOD2.pdf	Weak-PRF component relevant to low-locality PCF routes.	https://ir.cwi.nl/pub/31404/31404.pdf
S3	security	EUROCRYPT	2023	A New Algebraic Approach to the Regular Syndrome Decoding Problem and Implications for PCG Constructions	Pierre Briaud; Morten Oygarden	ePrint 2023/176	02_security_and_cryptanalysis/S3_EUROCRYPT_2023_Algebraic_Attacks_on_Regular_Syndrome_Decoding.pdf	Regular syndrome decoding cryptanalysis.	
S4	security	EUROCRYPT	2024	The Hardness of LPN over Any Integer Ring and Field for PCG Applications	Hanlin Liu; Xiao Wang; Kang Yang; Yu Yu	ePrint 2022/712	02_security_and_cryptanalysis/S4_EUROCRYPT_2024_Hardness_of_LPN_over_Integer_Rings_and_Fields.pdf	Ring-aware parameter analysis for PCG applications.	
S5	security	EUROCRYPT	2026	Attacks on Goldreich's Pseudorandom Generators by Grouping and Solving	Ximing Fu; Mo Li; Shihan Lyu; Chuanyi Liu	ePrint 2024/1594	02_security_and_cryptanalysis/S5_EUROCRYPT_2026_Attacks_on_Goldreich_PRGs_by_Grouping_and_Solving.pdf	Breaks a concrete PRG instance used by EUROCRYPT 2024 public-key silent OT.	
S6	security	ePrint / ASIACRYPT	2025	Practical Cryptanalysis of Pseudorandom Correlation Generators Based on Quasi-Abelian Syndrome Decoding	Charles Bouillaguet; Claire Delaplace; Mickael Hamdad; Damien Vergnaud	ePrint 2025/892	02_security_and_cryptanalysis/S6_2025_Practical_Cryptanalysis_of_QA-SD_PCGs.pdf	Practical attacks affecting QA-SD, FOLEAGE, and related published parameters.	
P1	precursor	CCS	2018	Compressing Vector OLE	Elette Boyle; Geoffroy Couteau; Niv Gilboa; Yuval Ishai	ePrint 2019/273	03_key_precursors/P1_CCS_2018_Compressing_Vector_OLE.pdf	Direct correlation-compression precursor.	
P2	precursor	CCS	2019	Efficient Two-Round OT Extension and Silent Non-Interactive Secure Computation	Elette Boyle; Geoffroy Couteau; Niv Gilboa; Yuval Ishai; Lisa Kohl; Peter Rindal; Peter Scholl	ePrint 2019/1159	03_key_precursors/P2_CCS_2019_Efficient_Two-Round_OT_Extension_and_Silent_NISC.pdf	Two-round OT extension and practical silent preprocessing precursor.	
P3	precursor	FOCS	2020	Correlated Pseudorandom Functions from Variable-Density LPN	Elette Boyle; Geoffroy Couteau; Niv Gilboa; Yuval Ishai; Lisa Kohl; Peter Scholl	ePrint 2020/1417	03_key_precursors/P3_FOCS_2020_Correlated_Pseudorandom_Functions_from_Variable-Density_LPN.pdf	Introduces PCFs with indexed/ongoing generation.	
P4	precursor	CCS	2020	Ferret: Fast Extension for Correlated OT with Small Communication	Kang Yang; Chenkai Weng; Xiao Lan; Jiang Zhang; Xiao Wang	ePrint 2020/924	03_key_precursors/P4_CCS_2020_Ferret_Fast_Extension_for_Correlated_OT.pdf	Core practical silent-COT engineering line.	
